{"author":"some human","events":[{"bpm":160.0,"id":1,"initial_offset":0,"stride":5,"time":0.0,"type":"spawn_hand"},{"bpm":160.0,"id":2,"initial_offset":30,"stride":-5,"time":0.0,"type":"spawn_hand"},{"bpm":160.0,"id":4,"initial_offset":40,"stride":-5,"time":0.75,"type":"spawn_hand"},{"bpm":80.0,"id":3,"initial_offset":10,"stride":5,"time":0.75,"type":"spawn_hand"},{"id":1,"time":1.0,"type":"remove_hand"},{"id":2,"time":1.0,"type":"remove_hand"},{"bpm":160.0,"id":5,"initial_offset":40,"stride":-5,"time":1.5,"type":"spawn_hand"},{"bpm":80.0,"id":6,"initial_offset":40,"stride":-5,"time":2.25,"type":"spawn_hand"},{"id":6,"time":3.25,"type":"remove_hand"},{"bpm":80.0,"id":7,"initial_offset":50,"stride":-5,"time":3.75,"type":"spawn_hand"},{"id":5,"time":5.5,"type":"remove_hand"},{"id":4,"time":5.5,"type":"remove_hand"},{"bpm":0.0,"id":8,"initial_offset":0,"stride":0,"time":6.0,"type":"spawn_hand"},{"bpm":0.0,"id":9,"initial_offset":15,"stride":0,"time":6.0,"type":"spawn_hand"},{"id":9,"time":10.0,"type":"remove_hand"},{"id":8,"time":10.75,"type":"remove_hand"},{"id":7,"time":75.0,"type":"remove_hand"},{"id":3,"time":75.0,"type":"remove_hand"}],"notes":[{"id":1,"time":0.75},{"id":2,"time":1.875},{"id":3,"time":2.25},{"id":4,"time":3.0},{"id":5,"time":4.5},{"id":6,"time":4.875},{"id":7,"time":5.25},{"id":8,"time":7.5},{"id":9,"time":8.25},{"id":10,"time":9.0},{"id":11,"time":9.75},{"id":12,"time":10.5},{"id":13,"time":13.5},{"id":14,"time":18.0},{"id":15,"time":22.5},{"id":16,"time":27.0},{"id":17,"time":31.5},{"id":18,"time":36.0},{"id":19,"time":40.5},{"id":20,"time":45.0},{"id":21,"time":49.5},{"id":22,"time":54.0},{"id":23,"time":58.5},{"id":24,"time":63.0},{"id":25,"time":67.5},{"id":26,"time":72.0}],"title":"lullaby"}