{"events":[{"bpm":80.0,"id":1,"initial_offset":0,"stride":5,"time":0.0,"type":"spawn_hand"},{"bpm":80.0,"id":2,"initial_offset":30,"stride":-5,"time":0.0,"type":"spawn_hand"},{"bpm":80.0,"id":5,"initial_offset":50,"stride":-5,"time":0.0,"type":"spawn_hand"},{"bpm":80.0,"id":4,"initial_offset":40,"stride":-5,"time":0.0,"type":"spawn_hand"},{"id":4,"time":2.5,"type":"remove_hand"},{"bpm":120.0,"id":6,"initial_offset":55,"stride":-5,"time":3.0,"type":"spawn_hand"},{"id":5,"time":3.5,"type":"remove_hand"},{"id":6,"time":4.75,"type":"remove_hand"},{"bpm":160.0,"id":7,"initial_offset":35,"stride":-5,"time":5.0,"type":"spawn_hand"},{"bpm":160.0,"id":8,"initial_offset":35,"stride":-5,"time":5.75,"type":"spawn_hand"},{"id":2,"time":6.5,"type":"remove_hand"},{"id":7,"time":8.0,"type":"remove_hand"},{"id":8,"time":8.375,"type":"remove_hand"},{"id":1,"time":75.0,"type":"remove_hand"}],"notes":[{"id":1,"time":1.5},{"id":2,"time":2.25},{"id":3,"time":3.0},{"id":4,"time":4.5},{"id":5,"time":6.0},{"id":6,"time":6.125},{"id":7,"time":7.625},{"id":8,"time":8.25}],"title":"song","author":"help"}